[{
  "_id": "1",
  "actuality": true,
  "uuid": "a4ayc/80/OGda4BO/1o/V0etpOqiLx1JwB5",
  "name": "Sabaq kestesі",
  "url": "timetable",
  "description": "",
  "imageField": true,
  "image": "/uploads/timetable/categoryCover.jpg",
  "__v": 0,
  "subtitleField": false,
  "textField": false,
  "titleField": false
},{
  "_id": "2",
  "actuality": true,
  "uuid": "4gNmmcJ0VDBvTi4ef5QecrcHQ20fj876HgU",
  "name": "Ashana",
  "url": "canteen",
  "description": "",
  "imageField": true,
  "image": "/uploads/canteen/categoryCover.jpg",
  "__v": 0,
  "subtitleField": false,
  "textField": false,
  "titleField": false
},{
  "_id": "3",
  "actuality": true,
  "uuid": "/PQ6JnqwVeTQPsEQ2hueGdc9JXZUd3NrmGg",
  "name": "Kіtaphana",
  "url": "library",
  "description": "",
  "titleField": true,
  "subtitleField": true,
  "textField": true,
  "imageField": true,
  "image": "/uploads/library/categoryCover.jpg",
  "__v": 0
},{
  "_id": "4",
  "actuality": true,
  "uuid": "H+/jgZ/JVA2CQGYNBnyb5xDCzsZsgiTKAvS",
  "name": "Túlekter",
  "url": "graduates",
  "description": "",
  "titleField": true,
  "textField": true,
  "__v": 0,
  "image": "/uploads/graduates/image-1614767456850.jpg",
  "imageField": false,
  "subtitleField": false
},{
  "_id": "5",
  "actuality": true,
  "uuid": "kFzMVJnPDESGW4Wi+8g4Le4zuwzeQTw6QDS",
  "name": "Oqýshylar",
  "url": "beststudents",
  "description": "",
  "titleField": true,
  "textField": true,
  "image": "/uploads/beststudents/categoryCover.jpg",
  "__v": 0
},{
  "_id": "6",
  "actuality": true,
  "uuid": "1zn/IU9MUtMcuyz0WcWhh8SzvGYTjDQq8bP",
  "name": "Ákіmshіlіk",
  "url": "administration",
  "description": "",
  "titleField": true,
  "subtitleField": true,
  "textField": true,
  "imageField": true,
  "image": "/uploads/administration/categoryCover.jpg",
  "__v": 0
},{
  "_id": "7",
  "actuality": true,
  "uuid": "wp0zr8drh/Q95e4n7Pr+WZ7bV54FVpbiKZj",
  "name": "Galerıia",
  "url": "gallery",
  "description": "",
  "titleField": false,
  "subtitleField": false,
  "textField": false,
  "imageField": true,
  "image": "/uploads/gallery/categoryCover.jpg",
  "__v": 0
},{
  "_id": "8",
  "actuality": true,
  "uuid": "06a9pxSXajCmpmbZWh2eaV2e8LIq/inW11P",
  "name": "Jańalyqtar",
  "url": "news",
  "description": "",
  "titleField": true,
  "subtitleField": false,
  "textField": true,
  "imageField": true,
  "image": "/uploads/news/categoryCover.jpg",
  "__v": 0
},{
  "_id": "9",
  "actuality": true,
  "uuid": "vosLTqou7oR3LAjm2Er/vAShwguPaWSpL/7",
  "name": "Mektep týraly",
  "url": "about",
  "description": "",
  "titleField": true,
  "textField": true,
  "imageField": true,
  "image": "/uploads/about/categoryCover.jpg",
  "__v": 0
}]